-- ============================================================================
-- TAKAB · Seed de flota SIM (T-1.47) — SOLO ENTORNOS LOCALES · IDEMPOTENTE
--
-- ⚠️  ESTE ARCHIVO JAMÁS SE APLICA AL ENTORNO DESPLEGADO. La purga de T-1.47
--     eliminó los datos sim de la nube y deploy/cloud/deploy.sh siembra
--     únicamente db/seeds/prod_fleet.sql. Este seed existe para la demo del
--     hito (make demo-fase1) y el desarrollo local.
--
-- Requiere db/seeds/prod_fleet.sql aplicado ANTES (crea el tenant); si falta,
-- los FKs fallan ruidosamente — a propósito.
--
-- Convención (UUIDs FIJOS; demo/run.py referencia gw-sim-0001/2/3 y SIM001/006/011):
--   sitios  : 'site-sim-001'..'site-sim-020'  d1000000-…-0001..0020
--             (001-010 alrededor de Puebla, 011-020 alrededor de CDMX)
--   gateways: 'gw-sim-0001'..'gw-sim-0004'    d2000000-…-0001..0004
--   sensores: 'SIM001'..'SIM020'              d3000000-…-0001..0020
--             repartidos 5 por gateway EN ORDEN:
--               gw-sim-0001 → SIM001..SIM005   gw-sim-0002 → SIM006..SIM010
--               gw-sim-0003 → SIM011..SIM015   gw-sim-0004 → SIM016..SIM020
-- ============================================================================

BEGIN;

-- --- Sitios sim ----------------------------------------------------------------
INSERT INTO sites (site_id, tenant_id, code, name, geom) VALUES
  ('d1000000-0000-0000-0000-000000000001', 'd0000000-0000-0000-0000-000000000001',
   'site-sim-001', 'Sitio Sim 001 Puebla',
   ST_SetSRID(ST_MakePoint(-98.2200, 19.0500), 4326)::geography),
  ('d1000000-0000-0000-0000-000000000002', 'd0000000-0000-0000-0000-000000000001',
   'site-sim-002', 'Sitio Sim 002 Puebla',
   ST_SetSRID(ST_MakePoint(-98.1900, 19.0300), 4326)::geography),
  ('d1000000-0000-0000-0000-000000000003', 'd0000000-0000-0000-0000-000000000001',
   'site-sim-003', 'Sitio Sim 003 Puebla',
   ST_SetSRID(ST_MakePoint(-98.2400, 19.0600), 4326)::geography),
  ('d1000000-0000-0000-0000-000000000004', 'd0000000-0000-0000-0000-000000000001',
   'site-sim-004', 'Sitio Sim 004 Puebla',
   ST_SetSRID(ST_MakePoint(-98.1700, 19.0700), 4326)::geography),
  ('d1000000-0000-0000-0000-000000000005', 'd0000000-0000-0000-0000-000000000001',
   'site-sim-005', 'Sitio Sim 005 Puebla',
   ST_SetSRID(ST_MakePoint(-98.2100, 19.0100), 4326)::geography),
  ('d1000000-0000-0000-0000-000000000006', 'd0000000-0000-0000-0000-000000000001',
   'site-sim-006', 'Sitio Sim 006 Puebla',
   ST_SetSRID(ST_MakePoint(-98.2500, 19.0250), 4326)::geography),
  ('d1000000-0000-0000-0000-000000000007', 'd0000000-0000-0000-0000-000000000001',
   'site-sim-007', 'Sitio Sim 007 Puebla',
   ST_SetSRID(ST_MakePoint(-98.1600, 19.0450), 4326)::geography),
  ('d1000000-0000-0000-0000-000000000008', 'd0000000-0000-0000-0000-000000000001',
   'site-sim-008', 'Sitio Sim 008 Puebla',
   ST_SetSRID(ST_MakePoint(-98.2300, 19.0800), 4326)::geography),
  ('d1000000-0000-0000-0000-000000000009', 'd0000000-0000-0000-0000-000000000001',
   'site-sim-009', 'Sitio Sim 009 Puebla',
   ST_SetSRID(ST_MakePoint(-98.1800, 19.0000), 4326)::geography),
  ('d1000000-0000-0000-0000-000000000010', 'd0000000-0000-0000-0000-000000000001',
   'site-sim-010', 'Sitio Sim 010 Puebla',
   ST_SetSRID(ST_MakePoint(-98.2000, 19.0650), 4326)::geography),
  ('d1000000-0000-0000-0000-000000000011', 'd0000000-0000-0000-0000-000000000001',
   'site-sim-011', 'Sitio Sim 011 CDMX',
   ST_SetSRID(ST_MakePoint(-99.1332, 19.4326), 4326)::geography),
  ('d1000000-0000-0000-0000-000000000012', 'd0000000-0000-0000-0000-000000000001',
   'site-sim-012', 'Sitio Sim 012 CDMX',
   ST_SetSRID(ST_MakePoint(-99.1620, 19.4270), 4326)::geography),
  ('d1000000-0000-0000-0000-000000000013', 'd0000000-0000-0000-0000-000000000001',
   'site-sim-013', 'Sitio Sim 013 CDMX',
   ST_SetSRID(ST_MakePoint(-99.1780, 19.4060), 4326)::geography),
  ('d1000000-0000-0000-0000-000000000014', 'd0000000-0000-0000-0000-000000000001',
   'site-sim-014', 'Sitio Sim 014 CDMX',
   ST_SetSRID(ST_MakePoint(-99.1030, 19.4850), 4326)::geography),
  ('d1000000-0000-0000-0000-000000000015', 'd0000000-0000-0000-0000-000000000001',
   'site-sim-015', 'Sitio Sim 015 CDMX',
   ST_SetSRID(ST_MakePoint(-99.2000, 19.3600), 4326)::geography),
  ('d1000000-0000-0000-0000-000000000016', 'd0000000-0000-0000-0000-000000000001',
   'site-sim-016', 'Sitio Sim 016 CDMX',
   ST_SetSRID(ST_MakePoint(-99.0900, 19.3500), 4326)::geography),
  ('d1000000-0000-0000-0000-000000000017', 'd0000000-0000-0000-0000-000000000001',
   'site-sim-017', 'Sitio Sim 017 CDMX',
   ST_SetSRID(ST_MakePoint(-99.1500, 19.5000), 4326)::geography),
  ('d1000000-0000-0000-0000-000000000018', 'd0000000-0000-0000-0000-000000000001',
   'site-sim-018', 'Sitio Sim 018 CDMX',
   ST_SetSRID(ST_MakePoint(-99.2100, 19.4400), 4326)::geography),
  ('d1000000-0000-0000-0000-000000000019', 'd0000000-0000-0000-0000-000000000001',
   'site-sim-019', 'Sitio Sim 019 CDMX',
   ST_SetSRID(ST_MakePoint(-99.1200, 19.3800), 4326)::geography),
  ('d1000000-0000-0000-0000-000000000020', 'd0000000-0000-0000-0000-000000000001',
   'site-sim-020', 'Sitio Sim 020 CDMX',
   ST_SetSRID(ST_MakePoint(-99.0700, 19.4200), 4326)::geography)
ON CONFLICT DO NOTHING;

-- --- Gateways sim (site_id = primer sitio del bloque que atiende) ---------------
INSERT INTO gateways (gateway_id, tenant_id, site_id, serial, iot_thing, status) VALUES
  ('d2000000-0000-0000-0000-000000000001', 'd0000000-0000-0000-0000-000000000001',
   'd1000000-0000-0000-0000-000000000001', 'gw-sim-0001', 'gw-sim-0001', 'provisioned'),
  ('d2000000-0000-0000-0000-000000000002', 'd0000000-0000-0000-0000-000000000001',
   'd1000000-0000-0000-0000-000000000006', 'gw-sim-0002', 'gw-sim-0002', 'provisioned'),
  ('d2000000-0000-0000-0000-000000000003', 'd0000000-0000-0000-0000-000000000001',
   'd1000000-0000-0000-0000-000000000011', 'gw-sim-0003', 'gw-sim-0003', 'provisioned'),
  ('d2000000-0000-0000-0000-000000000004', 'd0000000-0000-0000-0000-000000000001',
   'd1000000-0000-0000-0000-000000000016', 'gw-sim-0004', 'gw-sim-0004', 'provisioned')
ON CONFLICT DO NOTHING;

-- --- Sensores sim (channels/sample_rate = defaults del DDL; SIN calibración:
--     PGA/PGV relativos, la UI lo rotula — regla de oro 7) ----------------------
INSERT INTO sensors (sensor_id, tenant_id, site_id, gateway_id, kind, model, serial) VALUES
  ('d3000000-0000-0000-0000-000000000001', 'd0000000-0000-0000-0000-000000000001',
   'd1000000-0000-0000-0000-000000000001', 'd2000000-0000-0000-0000-000000000001',
   'structural', 'RS4D', 'SIM001'),
  ('d3000000-0000-0000-0000-000000000002', 'd0000000-0000-0000-0000-000000000001',
   'd1000000-0000-0000-0000-000000000002', 'd2000000-0000-0000-0000-000000000001',
   'structural', 'RS4D', 'SIM002'),
  ('d3000000-0000-0000-0000-000000000003', 'd0000000-0000-0000-0000-000000000001',
   'd1000000-0000-0000-0000-000000000003', 'd2000000-0000-0000-0000-000000000001',
   'structural', 'RS4D', 'SIM003'),
  ('d3000000-0000-0000-0000-000000000004', 'd0000000-0000-0000-0000-000000000001',
   'd1000000-0000-0000-0000-000000000004', 'd2000000-0000-0000-0000-000000000001',
   'structural', 'RS4D', 'SIM004'),
  ('d3000000-0000-0000-0000-000000000005', 'd0000000-0000-0000-0000-000000000001',
   'd1000000-0000-0000-0000-000000000005', 'd2000000-0000-0000-0000-000000000001',
   'structural', 'RS4D', 'SIM005'),
  ('d3000000-0000-0000-0000-000000000006', 'd0000000-0000-0000-0000-000000000001',
   'd1000000-0000-0000-0000-000000000006', 'd2000000-0000-0000-0000-000000000002',
   'structural', 'RS4D', 'SIM006'),
  ('d3000000-0000-0000-0000-000000000007', 'd0000000-0000-0000-0000-000000000001',
   'd1000000-0000-0000-0000-000000000007', 'd2000000-0000-0000-0000-000000000002',
   'structural', 'RS4D', 'SIM007'),
  ('d3000000-0000-0000-0000-000000000008', 'd0000000-0000-0000-0000-000000000001',
   'd1000000-0000-0000-0000-000000000008', 'd2000000-0000-0000-0000-000000000002',
   'structural', 'RS4D', 'SIM008'),
  ('d3000000-0000-0000-0000-000000000009', 'd0000000-0000-0000-0000-000000000001',
   'd1000000-0000-0000-0000-000000000009', 'd2000000-0000-0000-0000-000000000002',
   'structural', 'RS4D', 'SIM009'),
  ('d3000000-0000-0000-0000-000000000010', 'd0000000-0000-0000-0000-000000000001',
   'd1000000-0000-0000-0000-000000000010', 'd2000000-0000-0000-0000-000000000002',
   'structural', 'RS4D', 'SIM010'),
  ('d3000000-0000-0000-0000-000000000011', 'd0000000-0000-0000-0000-000000000001',
   'd1000000-0000-0000-0000-000000000011', 'd2000000-0000-0000-0000-000000000003',
   'structural', 'RS4D', 'SIM011'),
  ('d3000000-0000-0000-0000-000000000012', 'd0000000-0000-0000-0000-000000000001',
   'd1000000-0000-0000-0000-000000000012', 'd2000000-0000-0000-0000-000000000003',
   'structural', 'RS4D', 'SIM012'),
  ('d3000000-0000-0000-0000-000000000013', 'd0000000-0000-0000-0000-000000000001',
   'd1000000-0000-0000-0000-000000000013', 'd2000000-0000-0000-0000-000000000003',
   'structural', 'RS4D', 'SIM013'),
  ('d3000000-0000-0000-0000-000000000014', 'd0000000-0000-0000-0000-000000000001',
   'd1000000-0000-0000-0000-000000000014', 'd2000000-0000-0000-0000-000000000003',
   'structural', 'RS4D', 'SIM014'),
  ('d3000000-0000-0000-0000-000000000015', 'd0000000-0000-0000-0000-000000000001',
   'd1000000-0000-0000-0000-000000000015', 'd2000000-0000-0000-0000-000000000003',
   'structural', 'RS4D', 'SIM015'),
  ('d3000000-0000-0000-0000-000000000016', 'd0000000-0000-0000-0000-000000000001',
   'd1000000-0000-0000-0000-000000000016', 'd2000000-0000-0000-0000-000000000004',
   'structural', 'RS4D', 'SIM016'),
  ('d3000000-0000-0000-0000-000000000017', 'd0000000-0000-0000-0000-000000000001',
   'd1000000-0000-0000-0000-000000000017', 'd2000000-0000-0000-0000-000000000004',
   'structural', 'RS4D', 'SIM017'),
  ('d3000000-0000-0000-0000-000000000018', 'd0000000-0000-0000-0000-000000000001',
   'd1000000-0000-0000-0000-000000000018', 'd2000000-0000-0000-0000-000000000004',
   'structural', 'RS4D', 'SIM018'),
  ('d3000000-0000-0000-0000-000000000019', 'd0000000-0000-0000-0000-000000000001',
   'd1000000-0000-0000-0000-000000000019', 'd2000000-0000-0000-0000-000000000004',
   'structural', 'RS4D', 'SIM019'),
  ('d3000000-0000-0000-0000-000000000020', 'd0000000-0000-0000-0000-000000000001',
   'd1000000-0000-0000-0000-000000000020', 'd2000000-0000-0000-0000-000000000004',
   'structural', 'RS4D', 'SIM020')
ON CONFLICT DO NOTHING;

COMMIT;
